date,close
2020.03.04,"57,400"
2020.03.03,"55,400"
2020.03.02,"55,000"
2020.02.28,"54,200"
2020.02.27,"55,900"
2020.02.26,"56,500"
2020.02.25,"57,900"
2020.02.24,"56,800"
2020.02.21,"59,200"
2020.02.20,"60,000"
2020.02.19,"60,200"
2020.02.18,"59,800"
2020.02.17,"61,500"
2020.02.14,"61,800"
2020.02.13,"60,700"
2020.02.12,"60,500"
2020.02.11,"59,900"
2020.02.10,"59,700"
2020.02.07,"60,400"
2020.02.06,"61,100"
2020.02.05,"59,500"
2020.02.04,"58,900"
2020.02.03,"57,200"
2020.01.31,"56,400"
2020.01.30,"57,200"
2020.01.29,"59,100"
2020.01.28,"58,800"
2020.01.23,"60,800"
2020.01.22,"62,300"
2020.01.21,"61,400"
2020.01.20,"62,400"
2020.01.17,"61,300"
2020.01.16,"60,700"
2020.01.15,"59,000"
2020.01.14,"60,000"
2020.01.13,"60,000"
2020.01.10,"59,500"
2020.01.09,"58,600"
2020.01.08,"56,800"
2020.01.07,"55,800"
2020.01.06,"55,500"
2020.01.03,"55,500"
2020.01.02,"55,200"
2019.12.30,"55,800"
2019.12.27,"56,500"
2019.12.26,"55,400"
2019.12.24,"55,000"
2019.12.23,"55,500"
2019.12.20,"56,000"
2019.12.19,"56,000"
2019.12.18,"56,300"
2019.12.17,"56,700"
2019.12.16,"54,700"
2019.12.13,"54,700"
2019.12.12,"53,300"
2019.12.11,"51,900"
2019.12.10,"51,500"
2019.12.09,"51,200"
2019.12.06,"50,400"
2019.12.05,"49,500"
2019.12.04,"49,450"
2019.12.03,"49,900"
2019.12.02,"50,400"
2019.11.29,"50,300"
2019.11.28,"51,300"
2019.11.27,"52,200"
2019.11.26,"51,800"
2019.11.25,"51,800"
2019.11.22,"51,600"
2019.11.21,"51,000"
2019.11.20,"52,000"
2019.11.19,"53,500"
2019.11.18,"53,500"
2019.11.15,"53,700"
2019.11.14,"52,800"
2019.11.13,"52,500"
2019.11.12,"52,600"
2019.11.11,"51,600"
2019.11.08,"52,100"
2019.11.07,"52,900"
2019.11.06,"53,300"
2019.11.05,"52,700"
2019.11.04,"52,300"
2019.11.01,"51,200"
2019.10.31,"50,400"
2019.10.30,"50,400"
2019.10.29,"51,100"
2019.10.28,"51,300"
2019.10.25,"50,900"
2019.10.24,"50,700"
2019.10.23,"51,200"
2019.10.22,"51,200"
2019.10.21,"50,300"
2019.10.18,"49,900"
2019.10.17,"50,500"
2019.10.16,"50,700"
2019.10.15,"50,100"
2019.10.14,"50,000"
2019.10.11,"49,150"
2019.10.10,"48,550"
2019.10.08,"48,900"
2019.10.07,"47,750"
2019.10.04,"48,000"
2019.10.02,"47,600"
2019.10.01,"48,850"
2019.09.30,"49,050"
2019.09.27,"48,400"
2019.09.26,"49,200"
2019.09.25,"48,900"
2019.09.24,"49,500"
2019.09.23,"49,300"
2019.09.20,"49,200"
2019.09.19,"49,150"
2019.09.18,"47,700"
2019.09.17,"46,900"
2019.09.16,"47,100"
2019.09.11,"47,150"
2019.09.10,"47,000"
2019.09.09,"46,900"
2019.09.06,"46,300"
2019.09.05,"45,700"
2019.09.04,"44,100"
2019.09.03,"43,250"
2019.09.02,"43,800"
2019.08.30,"44,000"
2019.08.29,"43,400"
2019.08.28,"44,150"
2019.08.27,"44,050"
2019.08.26,"43,600"
2019.08.23,"43,950"
2019.08.22,"44,050"
2019.08.21,"44,500"
2019.08.20,"44,450"
2019.08.19,"43,600"
2019.08.16,"43,900"
2019.08.14,"43,700"
2019.08.13,"43,000"
2019.08.12,"43,700"
2019.08.09,"43,150"
2019.08.08,"42,650"
2019.08.07,"43,200"
2019.08.06,"43,500"
2019.08.05,"43,950"
2019.08.02,"44,950"
2019.08.01,"45,200"
2019.07.31,"45,350"
2019.07.30,"46,550"
2019.07.29,"46,100"
2019.07.26,"47,150"
2019.07.25,"47,200"
2019.07.24,"46,400"
2019.07.23,"47,300"
2019.07.22,"47,200"
2019.07.19,"46,800"
2019.07.18,"46,100"
2019.07.17,"46,050"
2019.07.16,"46,850"
2019.07.15,"46,450"
2019.07.12,"46,300"
2019.07.11,"46,200"
2019.07.10,"45,550"
2019.07.09,"45,100"
2019.07.08,"44,400"
2019.07.05,"45,650"
2019.07.04,"46,000"
2019.07.03,"45,400"
2019.07.02,"46,250"
2019.07.01,"46,600"
2019.06.28,"47,000"
2019.06.27,"46,500"
2019.06.26,"45,700"
2019.06.25,"45,600"
2019.06.24,"45,500"
2019.06.21,"45,700"
2019.06.20,"45,500"
2019.06.19,"45,350"
2019.06.18,"44,350"
2019.06.17,"43,900"
2019.06.14,"44,000"
2019.06.13,"43,750"
2019.06.12,"44,600"
2019.06.11,"44,850"
2019.06.10,"44,800"
2019.06.07,"44,200"
2019.06.05,"43,900"
2019.06.04,"43,450"
2019.06.03,"43,800"
2019.05.31,"42,500"
2019.05.30,"42,550"
2019.05.29,"41,800"
2019.05.28,"42,550"
2019.05.27,"42,650"
2019.05.24,"42,700"
2019.05.23,"43,850"
2019.05.22,"43,500"
2019.05.21,"43,150"
2019.05.20,"42,000"
2019.05.17,"41,200"
2019.05.16,"41,550"
2019.05.15,"42,550"
2019.05.14,"42,650"
2019.05.13,"42,650"
2019.05.10,"42,900"
2019.05.09,"42,450"
2019.05.08,"44,250"
2019.05.07,"44,850"
2019.05.03,"45,300"
2019.05.02,"45,900"
2019.04.30,"45,850"
2019.04.29,"46,150"
2019.04.26,"44,850"
2019.04.25,"44,650"
2019.04.24,"44,750"
2019.04.23,"45,200"
2019.04.22,"45,350"
2019.04.19,"45,300"
2019.04.18,"45,600"
2019.04.17,"47,050"
2019.04.16,"47,250"
2019.04.15,"47,050"
2019.04.12,"46,850"
2019.04.11,"46,250"
2019.04.10,"46,700"
2019.04.09,"46,650"
2019.04.08,"46,650"
2019.04.05,"46,850"
2019.04.04,"46,950"
2019.04.03,"46,600"
2019.04.02,"45,750"
2019.04.01,"45,050"
2019.03.29,"44,650"
2019.03.28,"44,850"
2019.03.27,"45,350"
2019.03.26,"45,250"
2019.03.25,"45,500"
2019.03.22,"46,550"
2019.03.21,"45,850"
2019.03.20,"44,050"
2019.03.19,"43,900"
2019.03.18,"43,700"
2019.03.15,"44,200"
2019.03.14,"43,850"
2019.03.13,"43,850"
2019.03.12,"44,650"
2019.03.11,"43,650"
2019.03.08,"43,800"
2019.03.07,"44,450"
2019.03.06,"44,000"
2019.03.05,"44,250"
2019.03.04,"44,850"
2019.02.28,"45,100"
2019.02.27,"46,750"
2019.02.26,"46,750"
2019.02.25,"47,350"
2019.02.22,"47,150"
2019.02.21,"46,950"
2019.02.20,"46,900"
2019.02.19,"45,950"
2019.02.18,"46,200"
2019.02.15,"46,050"
2019.02.14,"47,500"
2019.02.13,"46,200"
2019.02.12,"46,050"
2019.02.11,"45,000"
2019.02.08,"44,800"
2019.02.07,"46,200"
2019.02.01,"46,350"
2019.01.31,"46,150"
2019.01.30,"46,400"
2019.01.29,"45,500"
2019.01.28,"45,050"
2019.01.25,"44,750"
2019.01.24,"43,050"
2019.01.23,"42,000"
2019.01.22,"42,150"
2019.01.21,"42,750"
2019.01.18,"42,300"
2019.01.17,"41,950"
2019.01.16,"41,450"
2019.01.15,"41,100"
2019.01.14,"40,050"
2019.01.11,"40,500"
2019.01.10,"39,800"
2019.01.09,"39,600"
2019.01.08,"38,100"
2019.01.07,"38,750"
2019.01.04,"37,450"
2019.01.03,"37,600"
2019.01.02,"38,750"
2018.12.28,"38,700"
2018.12.27,"38,250"
2018.12.26,"38,350"
2018.12.24,"38,800"
2018.12.21,"38,650"
2018.12.20,"38,650"
2018.12.19,"39,100"
2018.12.18,"38,900"
2018.12.17,"39,150"
2018.12.14,"38,950"
2018.12.13,"40,000"
2018.12.12,"40,450"
2018.12.11,"40,250"
2018.12.10,"40,200"
2018.12.07,"40,950"
2018.12.06,"40,500"
2018.12.05,"41,450"
2018.12.04,"42,150"
2018.12.03,"43,250"
2018.11.30,"41,850"
2018.11.29,"43,150"
2018.11.28,"43,150"
2018.11.27,"43,050"
2018.11.26,"42,600"
2018.11.23,"42,400"
2018.11.22,"42,450"
2018.11.21,"42,100"
2018.11.20,"42,800"
2018.11.19,"43,650"
2018.11.16,"44,000"
2018.11.15,"44,250"
2018.11.14,"44,100"
2018.11.13,"44,500"
2018.11.12,"45,200"
2018.11.09,"44,300"
2018.11.08,"44,050"
2018.11.07,"44,000"
2018.11.06,"43,750"
2018.11.05,"43,800"
2018.11.02,"44,150"
2018.11.01,"42,150"
2018.10.31,"42,400"
2018.10.30,"42,350"
2018.10.29,"41,400"
2018.10.26,"41,000"
2018.10.25,"41,000"
2018.10.24,"42,550"
2018.10.23,"43,050"
2018.10.22,"43,550"
2018.10.19,"43,900"
2018.10.18,"44,050"
2018.10.17,"44,150"
2018.10.16,"43,600"
2018.10.15,"43,800"
2018.10.12,"44,000"
2018.10.11,"43,100"
2018.10.10,"45,300"
2018.10.08,"44,950"
2018.10.05,"44,700"
2018.10.04,"44,700"
2018.10.02,"45,700"
2018.10.01,"46,350"
2018.09.28,"46,450"
2018.09.27,"47,500"
2018.09.21,"47,400"
2018.09.20,"47,250"
2018.09.19,"46,150"
2018.09.18,"45,500"
2018.09.17,"45,150"
2018.09.14,"45,850"
2018.09.13,"44,050"
2018.09.12,"44,550"
2018.09.11,"45,050"
2018.09.10,"45,500"
2018.09.07,"44,900"
2018.09.06,"46,100"
2018.09.05,"46,600"
2018.09.04,"47,650"
2018.09.03,"47,450"
2018.08.31,"48,450"
2018.08.30,"47,650"
2018.08.29,"46,800"
2018.08.28,"46,550"
2018.08.27,"46,300"
2018.08.24,"46,150"
2018.08.23,"46,200"
2018.08.22,"46,100"
2018.08.21,"44,800"
2018.08.20,"43,850"
2018.08.17,"44,100"
2018.08.16,"44,250"
2018.08.14,"45,150"
2018.08.13,"45,050"
2018.08.10,"45,400"
2018.08.09,"46,900"
2018.08.08,"46,800"
2018.08.07,"46,700"
2018.08.06,"45,800"
2018.08.03,"45,750"
2018.08.02,"45,550"
2018.08.01,"46,550"
2018.07.31,"46,250"
2018.07.30,"46,500"
2018.07.27,"46,900"
2018.07.26,"46,900"
2018.07.25,"46,150"
2018.07.24,"46,150"
2018.07.23,"46,500"
2018.07.20,"47,450"
2018.07.19,"46,900"
2018.07.18,"46,550"
2018.07.17,"45,850"
2018.07.16,"46,050"
2018.07.13,"46,500"
2018.07.12,"45,500"
2018.07.11,"46,000"
2018.07.10,"46,300"
2018.07.09,"45,600"
2018.07.06,"44,900"
2018.07.05,"45,950"
2018.07.04,"46,250"
2018.07.03,"46,150"
2018.07.02,"45,550"
2018.06.29,"46,650"
2018.06.28,"46,800"
2018.06.27,"47,950"
2018.06.26,"47,000"
2018.06.25,"46,650"
2018.06.22,"47,250"
2018.06.21,"47,050"
2018.06.20,"47,000"
2018.06.19,"47,000"
2018.06.18,"46,600"
2018.06.15,"47,650"
2018.06.14,"48,200"
2018.06.12,"49,400"
2018.06.11,"49,900"
2018.06.08,"49,650"
2018.06.07,"50,600"
2018.06.05,"51,300"
2018.06.04,"51,100"
2018.06.01,"51,300"
2018.05.31,"50,700"
2018.05.30,"49,500"
2018.05.29,"51,300"
2018.05.28,"52,300"
2018.05.25,"52,700"
2018.05.24,"51,400"
2018.05.23,"51,800"
2018.05.21,"50,000"
2018.05.18,"49,500"
2018.05.17,"49,400"
2018.05.16,"49,850"
2018.05.15,"49,200"
2018.05.14,"50,100"
2018.05.11,"51,300"
2018.05.10,"51,600"
2018.05.09,"50,900"
2018.05.08,"52,600"
2018.05.04,"51,900"
2018.05.03,"2,650,000"
2018.05.02,"2,650,000"
2018.04.30,"2,650,000"
2018.04.27,"2,650,000"
2018.04.26,"2,607,000"
2018.04.25,"2,520,000"
2018.04.24,"2,523,000"
2018.04.23,"2,595,000"
2018.04.20,"2,581,000"
2018.04.19,"2,639,000"
2018.04.18,"2,568,000"
2018.04.17,"2,499,000"
2018.04.16,"2,517,000"
2018.04.13,"2,490,000"
2018.04.12,"2,450,000"
2018.04.11,"2,443,000"
2018.04.10,"2,444,000"
2018.04.09,"2,460,000"
2018.04.06,"2,420,000"
2018.04.05,"2,437,000"
2018.04.04,"2,346,000"
2018.04.03,"2,406,000"
2018.04.02,"2,427,000"
2018.03.30,"2,461,000"
2018.03.29,"2,452,000"
2018.03.28,"2,435,000"
2018.03.27,"2,499,000"
2018.03.26,"2,514,000"
2018.03.23,"2,486,000"
2018.03.22,"2,589,000"
2018.03.21,"2,553,000"
2018.03.20,"2,560,000"
2018.03.19,"2,537,000"
2018.03.16,"2,557,000"
2018.03.15,"2,577,000"
2018.03.14,"2,588,000"
2018.03.13,"2,583,000"
2018.03.12,"2,487,000"
2018.03.09,"2,487,000"
2018.03.08,"2,460,000"
2018.03.07,"2,431,000"
2018.03.06,"2,351,000"
2018.03.05,"2,260,000"
2018.03.02,"2,301,000"
2018.02.28,"2,353,000"
2018.02.27,"2,369,000"
2018.02.26,"2,369,000"
2018.02.23,"2,361,000"
2018.02.22,"2,338,000"
2018.02.21,"2,364,000"
2018.02.20,"2,370,000"
2018.02.19,"2,419,000"
2018.02.14,"2,450,000"
2018.02.13,"2,377,000"
2018.02.12,"2,286,000"
2018.02.09,"2,235,000"
2018.02.08,"2,300,000"
2018.02.07,"2,290,000"
2018.02.06,"2,371,000"
2018.02.05,"2,396,000"
2018.02.02,"2,385,000"
2018.02.01,"2,491,000"
2018.01.31,"2,495,000"
2018.01.30,"2,490,000"
2018.01.29,"2,561,000"
2018.01.26,"2,539,000"
2018.01.25,"2,513,000"
2018.01.24,"2,467,000"
2018.01.23,"2,458,000"
2018.01.22,"2,412,000"
2018.01.19,"2,466,000"
2018.01.18,"2,495,000"
2018.01.17,"2,481,000"
2018.01.16,"2,500,000"
2018.01.15,"2,427,000"
2018.01.12,"2,410,000"
2018.01.11,"2,412,000"
2018.01.10,"2,442,000"
2018.01.09,"2,520,000"
2018.01.08,"2,601,000"
2018.01.05,"2,606,000"
2018.01.04,"2,554,000"
2018.01.03,"2,581,000"
2018.01.02,"2,551,000"
2017.12.28,"2,548,000"
2017.12.27,"2,468,000"
2017.12.26,"2,410,000"
2017.12.22,"2,485,000"
2017.12.21,"2,457,000"
2017.12.20,"2,544,000"
2017.12.19,"2,578,000"
2017.12.18,"2,560,000"
2017.12.15,"2,531,000"
2017.12.14,"2,553,000"
2017.12.13,"2,566,000"
2017.12.12,"2,605,000"
2017.12.11,"2,589,000"
2017.12.08,"2,600,000"
2017.12.07,"2,537,000"
2017.12.06,"2,501,000"
2017.12.05,"2,563,000"
2017.12.04,"2,567,000"
2017.12.01,"2,542,000"
2017.11.30,"2,540,000"
2017.11.29,"2,630,000"
2017.11.28,"2,664,000"
2017.11.27,"2,632,000"
2017.11.24,"2,773,000"
2017.11.23,"2,765,000"
2017.11.22,"2,798,000"
2017.11.21,"2,764,000"
2017.11.20,"2,760,000"
2017.11.17,"2,791,000"
2017.11.16,"2,789,000"
2017.11.15,"2,767,000"
2017.11.14,"2,796,000"
2017.11.13,"2,819,000"
2017.11.10,"2,820,000"
2017.11.09,"2,817,000"
2017.11.08,"2,838,000"
2017.11.07,"2,805,000"
2017.11.06,"2,819,000"
2017.11.03,"2,819,000"
2017.11.02,"2,853,000"
2017.11.01,"2,861,000"
2017.10.31,"2,754,000"
2017.10.30,"2,702,000"
2017.10.27,"2,654,000"
2017.10.26,"2,620,000"
2017.10.25,"2,695,000"
2017.10.24,"2,702,000"
2017.10.23,"2,715,000"
2017.10.20,"2,692,000"
2017.10.19,"2,649,000"
2017.10.18,"2,738,000"
2017.10.17,"2,740,000"
2017.10.16,"2,696,000"
2017.10.13,"2,700,000"
2017.10.12,"2,740,000"
2017.10.11,"2,732,000"
2017.10.10,"2,640,000"
2017.09.29,"2,564,000"
2017.09.28,"2,563,000"
2017.09.27,"2,584,000"
2017.09.26,"2,583,000"
2017.09.25,"2,681,000"
2017.09.22,"2,650,000"
2017.09.21,"2,640,000"
2017.09.20,"2,611,000"
2017.09.19,"2,606,000"
2017.09.18,"2,624,000"
2017.09.15,"2,520,000"
2017.09.14,"2,515,000"
2017.09.13,"2,481,000"
2017.09.12,"2,480,000"
2017.09.11,"2,490,000"
2017.09.08,"2,454,000"
2017.09.07,"2,406,000"
2017.09.06,"2,350,000"
2017.09.05,"2,338,000"
2017.09.04,"2,302,000"
2017.09.01,"2,324,000"
2017.08.31,"2,316,000"
2017.08.30,"2,310,000"
2017.08.29,"2,304,000"
2017.08.28,"2,305,000"
2017.08.25,"2,351,000"
2017.08.24,"2,376,000"
2017.08.23,"2,374,000"
2017.08.22,"2,350,000"
2017.08.21,"2,342,000"
2017.08.18,"2,345,000"
2017.08.17,"2,352,000"
2017.08.16,"2,310,000"
2017.08.14,"2,250,000"
2017.08.11,"2,231,000"
2017.08.10,"2,295,000"
2017.08.09,"2,314,000"
2017.08.08,"2,386,000"
2017.08.07,"2,379,000"
2017.08.04,"2,385,000"
2017.08.03,"2,389,000"
2017.08.02,"2,450,000"
2017.08.01,"2,430,000"
2017.07.31,"2,410,000"
2017.07.28,"2,388,000"
2017.07.27,"2,490,000"
2017.07.26,"2,492,000"
2017.07.25,"2,500,000"
2017.07.24,"2,543,000"
2017.07.21,"2,554,000"
2017.07.20,"2,560,000"
2017.07.19,"2,537,000"
2017.07.18,"2,542,000"
2017.07.17,"2,532,000"
2017.07.14,"2,524,000"
2017.07.13,"2,528,000"
2017.07.12,"2,494,000"
2017.07.11,"2,450,000"
2017.07.10,"2,433,000"
2017.07.07,"2,393,000"
2017.07.06,"2,403,000"
2017.07.05,"2,379,000"
2017.07.04,"2,350,000"
2017.07.03,"2,361,000"
2017.06.30,"2,377,000"
2017.06.29,"2,397,000"
2017.06.28,"2,385,000"
2017.06.27,"2,415,000"
2017.06.26,"2,414,000"
2017.06.23,"2,381,000"
2017.06.22,"2,398,000"
2017.06.21,"2,374,000"
2017.06.20,"2,407,000"
2017.06.19,"2,328,000"
2017.06.16,"2,279,000"
2017.06.15,"2,284,000"
2017.06.14,"2,268,000"
2017.06.13,"2,270,000"
2017.06.12,"2,269,000"
2017.06.09,"2,305,000"
2017.06.08,"2,258,000"
2017.06.07,"2,265,000"
2017.06.05,"2,297,000"
2017.06.02,"2,298,000"
2017.06.01,"2,234,000"
2017.05.31,"2,235,000"
2017.05.30,"2,232,000"
2017.05.29,"2,281,000"
2017.05.26,"2,304,000"
2017.05.25,"2,284,000"
2017.05.24,"2,244,000"
2017.05.23,"2,246,000"
2017.05.22,"2,255,000"
2017.05.19,"2,236,000"
2017.05.18,"2,297,000"
2017.05.17,"2,317,000"
2017.05.16,"2,319,000"
2017.05.15,"2,305,000"
2017.05.12,"2,291,000"
2017.05.11,"2,275,000"
2017.05.10,"2,280,000"
2017.05.08,"2,351,000"
2017.05.04,"2,276,000"
2017.05.02,"2,245,000"
2017.04.28,"2,231,000"
2017.04.27,"2,192,000"
2017.04.26,"2,140,000"
2017.04.25,"2,135,000"
2017.04.24,"2,062,000"
2017.04.21,"2,038,000"
2017.04.20,"2,014,000"
2017.04.19,"2,045,000"
2017.04.18,"2,075,000"
2017.04.17,"2,078,000"
2017.04.14,"2,101,000"
2017.04.13,"2,121,000"
2017.04.12,"2,095,000"
2017.04.11,"2,080,000"
2017.04.10,"2,097,000"
2017.04.07,"2,080,000"
2017.04.06,"2,092,000"
2017.04.05,"2,107,000"
2017.04.04,"2,104,000"
2017.04.03,"2,072,000"
2017.03.31,"2,060,000"
2017.03.30,"2,099,000"
2017.03.29,"2,089,000"
2017.03.28,"2,074,000"
2017.03.27,"2,060,000"
2017.03.24,"2,075,000"
2017.03.23,"2,090,000"
2017.03.22,"2,123,000"
2017.03.21,"2,128,000"
2017.03.20,"2,095,000"
2017.03.17,"2,120,000"
2017.03.16,"2,092,000"
2017.03.15,"2,070,000"
2017.03.14,"2,068,000"
2017.03.13,"2,030,000"
2017.03.10,"2,009,000"
2017.03.09,"2,010,000"
2017.03.08,"2,010,000"
2017.03.07,"2,010,000"
2017.03.06,"2,004,000"
2017.03.03,"1,981,000"
2017.03.02,"1,986,000"
2017.02.28,"1,922,000"
2017.02.27,"1,903,000"
2017.02.24,"1,911,000"
2017.02.23,"1,959,000"
2017.02.22,"1,965,000"
2017.02.21,"1,947,000"
2017.02.20,"1,933,000"
2017.02.17,"1,893,000"
2017.02.16,"1,901,000"
2017.02.15,"1,886,000"
2017.02.14,"1,879,000"
2017.02.13,"1,898,000"
2017.02.10,"1,918,000"
2017.02.09,"1,920,000"
2017.02.08,"1,920,000"
2017.02.07,"1,941,000"
2017.02.06,"1,978,000"
2017.02.03,"1,973,000"
2017.02.02,"1,968,000"
2017.02.01,"1,956,000"
2017.01.31,"1,973,000"
2017.01.26,"1,995,000"
2017.01.25,"1,970,000"
2017.01.24,"1,908,000"
2017.01.23,"1,903,000"
2017.01.20,"1,860,000"
2017.01.19,"1,874,000"
2017.01.18,"1,847,000"
2017.01.17,"1,848,000"
2017.01.16,"1,833,000"
2017.01.13,"1,873,000"
2017.01.12,"1,940,000"
2017.01.11,"1,914,000"
2017.01.10,"1,862,000"
2017.01.09,"1,861,000"
2017.01.06,"1,810,000"
2017.01.05,"1,778,000"
2017.01.04,"1,808,000"
2017.01.03,"1,824,000"
2017.01.02,"1,805,000"
2016.12.29,"1,802,000"
2016.12.28,"1,788,000"
2016.12.27,"1,799,000"
2016.12.26,"1,798,000"
2016.12.23,"1,782,000"
2016.12.22,"1,809,000"
2016.12.21,"1,805,000"
2016.12.20,"1,812,000"
2016.12.19,"1,795,000"
2016.12.16,"1,793,000"
2016.12.15,"1,759,000"
2016.12.14,"1,777,000"
2016.12.13,"1,766,000"
2016.12.12,"1,752,000"
2016.12.09,"1,780,000"
2016.12.08,"1,790,000"
2016.12.07,"1,772,000"
2016.12.06,"1,748,000"
2016.12.05,"1,718,000"
2016.12.02,"1,727,000"
2016.12.01,"1,749,000"
2016.11.30,"1,746,000"
2016.11.29,"1,677,000"
2016.11.28,"1,677,000"
2016.11.25,"1,650,000"
2016.11.24,"1,650,000"
2016.11.23,"1,649,000"
2016.11.22,"1,640,000"
2016.11.21,"1,593,000"
2016.11.18,"1,586,000"
2016.11.17,"1,568,000"
2016.11.16,"1,558,000"
2016.11.15,"1,539,000"
2016.11.14,"1,553,000"
2016.11.11,"1,598,000"
2016.11.10,"1,649,000"
2016.11.09,"1,596,000"
2016.11.08,"1,644,000"
2016.11.07,"1,640,000"
2016.11.04,"1,627,000"
2016.11.03,"1,616,000"
2016.11.02,"1,643,000"
2016.11.01,"1,652,000"
2016.10.31,"1,639,000"
2016.10.28,"1,614,000"
2016.10.27,"1,573,000"
2016.10.26,"1,567,000"
2016.10.25,"1,597,000"
2016.10.24,"1,608,000"
2016.10.21,"1,589,000"
2016.10.20,"1,620,000"
2016.10.19,"1,625,000"
2016.10.18,"1,589,000"
2016.10.17,"1,590,000"
2016.10.14,"1,577,000"
2016.10.13,"1,557,000"
2016.10.12,"1,535,000"
2016.10.11,"1,545,000"
2016.10.10,"1,680,000"
2016.10.07,"1,706,000"
2016.10.06,"1,691,000"
2016.10.05,"1,619,000"
2016.10.04,"1,614,000"
2016.09.30,"1,598,000"
2016.09.29,"1,600,000"
2016.09.28,"1,567,000"
2016.09.27,"1,569,000"
2016.09.26,"1,568,000"
2016.09.23,"1,571,000"
2016.09.22,"1,618,000"
2016.09.21,"1,592,000"
2016.09.20,"1,585,000"
2016.09.19,"1,558,000"
2016.09.13,"1,527,000"
2016.09.12,"1,465,000"
2016.09.09,"1,575,000"
2016.09.08,"1,639,000"
2016.09.07,"1,621,000"
2016.09.06,"1,643,000"
2016.09.05,"1,606,000"
2016.09.02,"1,597,000"
2016.09.01,"1,587,000"
2016.08.31,"1,620,000"
2016.08.30,"1,645,000"
2016.08.29,"1,640,000"
2016.08.26,"1,612,000"
2016.08.25,"1,639,000"
2016.08.24,"1,653,000"
2016.08.23,"1,687,000"
2016.08.22,"1,665,000"
2016.08.19,"1,675,000"
2016.08.18,"1,640,000"
2016.08.17,"1,566,000"
2016.08.16,"1,568,000"
2016.08.12,"1,545,000"
2016.08.11,"1,559,000"
2016.08.10,"1,541,000"
2016.08.09,"1,567,000"
2016.08.08,"1,569,000"
2016.08.05,"1,561,000"
2016.08.04,"1,517,000"
2016.08.03,"1,517,000"
2016.08.02,"1,548,000"
2016.08.01,"1,568,000"
2016.07.29,"1,539,000"
2016.07.28,"1,507,000"
2016.07.27,"1,527,000"
2016.07.26,"1,530,000"
2016.07.25,"1,502,000"
2016.07.22,"1,516,000"
2016.07.21,"1,543,000"
2016.07.20,"1,540,000"
2016.07.19,"1,533,000"
2016.07.18,"1,533,000"
2016.07.15,"1,518,000"
2016.07.14,"1,500,000"
2016.07.13,"1,481,000"
2016.07.12,"1,464,000"
2016.07.11,"1,489,000"
2016.07.08,"1,460,000"
2016.07.07,"1,450,000"
2016.07.06,"1,421,000"
2016.07.05,"1,469,000"
2016.07.04,"1,466,000"
2016.07.01,"1,466,000"
2016.06.30,"1,425,000"
2016.06.29,"1,396,000"
2016.06.28,"1,399,000"
2016.06.27,"1,398,000"
2016.06.24,"1,400,000"
2016.06.23,"1,430,000"
2016.06.22,"1,445,000"
2016.06.21,"1,448,000"
2016.06.20,"1,431,000"
2016.06.17,"1,426,000"
2016.06.16,"1,409,000"
2016.06.15,"1,413,000"
2016.06.14,"1,380,000"
2016.06.13,"1,371,000"
2016.06.10,"1,406,000"
2016.06.09,"1,430,000"
2016.06.08,"1,406,000"
2016.06.07,"1,398,000"
2016.06.03,"1,377,000"
2016.06.02,"1,365,000"
2016.06.01,"1,333,000"
2016.05.31,"1,292,000"
2016.05.30,"1,280,000"
2016.05.27,"1,282,000"
2016.05.26,"1,296,000"
2016.05.25,"1,295,000"
2016.05.24,"1,271,000"
2016.05.23,"1,286,000"
2016.05.20,"1,269,000"
2016.05.19,"1,270,000"
2016.05.18,"1,268,000"
2016.05.17,"1,264,000"
2016.05.16,"1,248,000"
2016.05.13,"1,253,000"
2016.05.12,"1,281,000"
2016.05.11,"1,292,000"
2016.05.10,"1,296,000"
2016.05.09,"1,299,000"
2016.05.04,"1,290,000"
2016.05.03,"1,261,000"
2016.05.02,"1,250,000"
2016.04.29,"1,245,000"
2016.04.28,"1,265,000"
2016.04.27,"1,300,000"
2016.04.26,"1,296,000"
2016.04.25,"1,281,000"
2016.04.22,"1,280,000"
2016.04.21,"1,294,000"
2016.04.20,"1,299,000"
2016.04.19,"1,288,000"
2016.04.18,"1,299,000"
2016.04.15,"1,300,000"
2016.04.14,"1,300,000"
2016.04.12,"1,275,000"
2016.04.11,"1,266,000"
2016.04.08,"1,246,000"
2016.04.07,"1,269,000"
2016.04.06,"1,285,000"
2016.04.05,"1,260,000"
2016.04.04,"1,305,000"
2016.04.01,"1,279,000"
2016.03.31,"1,312,000"
2016.03.30,"1,308,000"
2016.03.29,"1,290,000"
2016.03.28,"1,294,000"
2016.03.25,"1,288,000"
2016.03.24,"1,282,000"
2016.03.23,"1,279,000"
2016.03.22,"1,269,000"
2016.03.21,"1,267,000"
2016.03.18,"1,273,000"
2016.03.17,"1,263,000"
2016.03.16,"1,256,000"
2016.03.15,"1,253,000"
2016.03.14,"1,255,000"
2016.03.11,"1,249,000"
2016.03.10,"1,225,000"
2016.03.09,"1,194,000"
2016.03.08,"1,192,000"
2016.03.07,"1,223,000"
2016.03.04,"1,215,000"
2016.03.03,"1,220,000"
2016.03.02,"1,197,000"
2016.02.29,"1,178,000"
2016.02.26,"1,172,000"
2016.02.25,"1,179,000"
2016.02.24,"1,172,000"
2016.02.23,"1,181,000"
2016.02.22,"1,175,000"
2016.02.19,"1,190,000"
2016.02.18,"1,187,000"
2016.02.17,"1,185,000"
2016.02.16,"1,168,000"
2016.02.15,"1,154,000"
2016.02.12,"1,130,000"
2016.02.11,"1,130,000"
2016.02.05,"1,164,000"
2016.02.04,"1,156,000"
2016.02.03,"1,146,000"
2016.02.02,"1,156,000"
2016.02.01,"1,163,000"
2016.01.29,"1,150,000"
2016.01.28,"1,145,000"
2016.01.27,"1,175,000"
2016.01.26,"1,137,000"
2016.01.25,"1,162,000"
2016.01.22,"1,168,000"
2016.01.21,"1,131,000"
2016.01.20,"1,138,000"
2016.01.19,"1,171,000"
2016.01.18,"1,126,000"
2016.01.15,"1,132,000"
2016.01.14,"1,138,000"
2016.01.13,"1,148,000"
2016.01.12,"1,146,000"
2016.01.11,"1,152,000"
2016.01.08,"1,171,000"
2016.01.07,"1,163,000"
2016.01.06,"1,175,000"
2016.01.05,"1,208,000"
2016.01.04,"1,205,000"
2015.12.30,"1,260,000"
2015.12.29,"1,254,000"
2015.12.28,"1,266,000"
2015.12.24,"1,285,000"
2015.12.23,"1,295,000"
2015.12.22,"1,292,000"
2015.12.21,"1,280,000"
2015.12.18,"1,278,000"
2015.12.17,"1,290,000"
2015.12.16,"1,299,000"
2015.12.15,"1,277,000"
2015.12.14,"1,261,000"
2015.12.11,"1,284,000"
2015.12.10,"1,283,000"
2015.12.09,"1,263,000"
2015.12.08,"1,262,000"
2015.12.07,"1,262,000"
2015.12.04,"1,269,000"
2015.12.03,"1,290,000"
2015.12.02,"1,300,000"
2015.12.01,"1,321,000"
2015.11.30,"1,284,000"
2015.11.27,"1,327,000"
2015.11.26,"1,335,000"
2015.11.25,"1,299,000"
2015.11.24,"1,299,000"
2015.11.23,"1,282,000"
2015.11.20,"1,285,000"
2015.11.19,"1,289,000"
2015.11.18,"1,281,000"
2015.11.17,"1,270,000"
2015.11.16,"1,263,000"
2015.11.13,"1,300,000"
2015.11.12,"1,317,000"
2015.11.11,"1,333,000"
2015.11.10,"1,321,000"
2015.11.09,"1,344,000"
2015.11.06,"1,338,000"
2015.11.05,"1,342,000"
2015.11.04,"1,330,000"
2015.11.03,"1,352,000"
2015.11.02,"1,383,000"
2015.10.30,"1,372,000"
2015.10.29,"1,325,000"
2015.10.28,"1,308,000"
2015.10.27,"1,298,000"
2015.10.26,"1,292,000"
2015.10.23,"1,289,000"
2015.10.22,"1,280,000"
2015.10.21,"1,270,000"
2015.10.20,"1,266,000"
2015.10.19,"1,256,000"
2015.10.16,"1,265,000"
2015.10.15,"1,269,000"
2015.10.14,"1,254,000"
2015.10.13,"1,252,000"
2015.10.12,"1,260,000"
2015.10.08,"1,270,000"
2015.10.07,"1,251,000"
2015.10.06,"1,151,000"
2015.10.05,"1,115,000"
2015.10.02,"1,119,000"
2015.10.01,"1,134,000"
2015.09.30,"1,134,000"
2015.09.25,"1,112,000"
2015.09.24,"1,126,000"
2015.09.23,"1,131,000"
2015.09.22,"1,145,000"
2015.09.21,"1,150,000"
2015.09.18,"1,190,000"
2015.09.17,"1,157,000"
2015.09.16,"1,152,000"
2015.09.15,"1,123,000"
2015.09.14,"1,124,000"
2015.09.11,"1,115,000"
2015.09.10,"1,134,000"
2015.09.09,"1,147,000"
2015.09.08,"1,131,000"
2015.09.07,"1,112,000"
2015.09.04,"1,129,000"
2015.09.03,"1,122,000"
2015.09.02,"1,090,000"
2015.09.01,"1,085,000"
2015.08.31,"1,089,000"
2015.08.28,"1,081,000"
2015.08.27,"1,067,000"
2015.08.26,"1,067,000"
2015.08.25,"1,079,000"
2015.08.24,"1,079,000"
2015.08.21,"1,101,000"
2015.08.20,"1,139,000"
2015.08.19,"1,154,000"
2015.08.18,"1,131,000"
2015.08.17,"1,104,000"
2015.08.13,"1,140,000"
2015.08.12,"1,154,000"
2015.08.11,"1,157,000"
2015.08.10,"1,141,000"
2015.08.07,"1,136,000"
2015.08.06,"1,115,000"
2015.08.05,"1,159,000"
2015.08.04,"1,182,000"
2015.08.03,"1,175,000"
2015.07.31,"1,185,000"
2015.07.30,"1,215,000"
2015.07.29,"1,263,000"
2015.07.28,"1,230,000"
2015.07.27,"1,230,000"
2015.07.24,"1,229,000"
2015.07.23,"1,234,000"
2015.07.22,"1,253,000"
2015.07.21,"1,263,000"
2015.07.20,"1,275,000"
2015.07.17,"1,305,000"
2015.07.16,"1,282,000"
2015.07.15,"1,235,000"
2015.07.14,"1,225,000"
2015.07.13,"1,266,000"
2015.07.10,"1,259,000"
2015.07.09,"1,265,000"
2015.07.08,"1,239,000"
2015.07.07,"1,240,000"
2015.07.06,"1,230,000"
2015.07.03,"1,268,000"
2015.07.02,"1,299,000"
2015.07.01,"1,295,000"
2015.06.30,"1,268,000"
2015.06.29,"1,281,000"
2015.06.26,"1,278,000"
2015.06.25,"1,269,000"
2015.06.24,"1,302,000"
2015.06.23,"1,321,000"
2015.06.22,"1,281,000"
2015.06.19,"1,266,000"
2015.06.18,"1,265,000"
2015.06.17,"1,254,000"
2015.06.16,"1,255,000"
2015.06.15,"1,270,000"
2015.06.12,"1,277,000"
2015.06.11,"1,257,000"
2015.06.10,"1,262,000"
2015.06.09,"1,282,000"
2015.06.08,"1,314,000"
2015.06.05,"1,341,000"
2015.06.04,"1,337,000"
2015.06.03,"1,273,000"
2015.06.02,"1,303,000"
2015.06.01,"1,291,000"
2015.05.29,"1,307,000"
2015.05.28,"1,309,000"
2015.05.27,"1,314,000"
2015.05.26,"1,362,000"
2015.05.22,"1,350,000"
2015.05.21,"1,352,000"
2015.05.20,"1,366,000"
2015.05.19,"1,338,000"
2015.05.18,"1,320,000"
2015.05.15,"1,326,000"
2015.05.14,"1,340,000"
2015.05.13,"1,333,000"
2015.05.12,"1,331,000"
2015.05.11,"1,336,000"
2015.05.08,"1,338,000"
2015.05.07,"1,370,000"
2015.05.06,"1,362,000"
2015.05.04,"1,400,000"
2015.04.30,"1,410,000"
2015.04.29,"1,385,000"
2015.04.28,"1,366,000"
2015.04.27,"1,395,000"
2015.04.24,"1,410,000"
2015.04.23,"1,451,000"
2015.04.22,"1,461,000"
2015.04.21,"1,444,000"
2015.04.20,"1,430,000"
2015.04.17,"1,450,000"
2015.04.16,"1,477,000"
2015.04.15,"1,446,000"
2015.04.14,"1,474,000"
2015.04.13,"1,479,000"
2015.04.10,"1,490,000"
2015.04.09,"1,483,000"
2015.04.08,"1,479,000"
2015.04.07,"1,462,000"
2015.04.06,"1,470,000"
2015.04.03,"1,434,000"
2015.04.02,"1,434,000"
2015.04.01,"1,423,000"
2015.03.31,"1,441,000"
2015.03.30,"1,428,000"
2015.03.27,"1,421,000"
2015.03.26,"1,421,000"
2015.03.25,"1,485,000"
2015.03.24,"1,476,000"
2015.03.23,"1,467,000"
2015.03.20,"1,464,000"
2015.03.19,"1,470,000"
2015.03.18,"1,503,000"
2015.03.17,"1,497,000"
2015.03.16,"1,470,000"
2015.03.13,"1,457,000"
2015.03.12,"1,447,000"
2015.03.11,"1,474,000"
2015.03.10,"1,421,000"
2015.03.09,"1,420,000"
2015.03.06,"1,442,000"
2015.03.05,"1,422,000"
2015.03.04,"1,437,000"
2015.03.03,"1,418,000"
2015.03.02,"1,423,000"
2015.02.27,"1,357,000"
2015.02.26,"1,375,000"
2015.02.25,"1,379,000"
2015.02.24,"1,367,000"
2015.02.23,"1,367,000"
2015.02.17,"1,377,000"
2015.02.16,"1,374,000"
2015.02.13,"1,361,000"
2015.02.12,"1,344,000"
2015.02.11,"1,355,000"
2015.02.10,"1,378,000"
2015.02.09,"1,395,000"
2015.02.06,"1,372,000"
2015.02.05,"1,358,000"
2015.02.04,"1,359,000"
2015.02.03,"1,366,000"
2015.02.02,"1,368,000"
2015.01.30,"1,365,000"
2015.01.29,"1,360,000"
2015.01.28,"1,378,000"
2015.01.27,"1,400,000"
2015.01.26,"1,389,000"
2015.01.23,"1,386,000"
2015.01.22,"1,378,000"
2015.01.21,"1,395,000"
2015.01.20,"1,372,000"
2015.01.19,"1,343,000"
2015.01.16,"1,316,000"
2015.01.15,"1,334,000"
2015.01.14,"1,345,000"
2015.01.13,"1,339,000"
2015.01.12,"1,316,000"
2015.01.09,"1,314,000"
2015.01.08,"1,314,000"
2015.01.07,"1,307,000"
2015.01.06,"1,295,000"
2015.01.05,"1,333,000"
2015.01.02,"1,330,000"
2014.12.30,"1,327,000"
2014.12.29,"1,329,000"
2014.12.26,"1,352,000"
2014.12.24,"1,343,000"
2014.12.23,"1,339,000"
2014.12.22,"1,345,000"
2014.12.19,"1,328,000"
2014.12.18,"1,266,000"
2014.12.17,"1,266,000"
2014.12.16,"1,279,000"
2014.12.15,"1,273,000"
2014.12.12,"1,286,000"
2014.12.11,"1,305,000"
2014.12.10,"1,317,000"
2014.12.09,"1,349,000"
2014.12.08,"1,319,000"
2014.12.05,"1,302,000"
2014.12.04,"1,300,000"
2014.12.03,"1,298,000"
2014.12.02,"1,295,000"
2014.12.01,"1,295,000"
2014.11.28,"1,287,000"
2014.11.27,"1,264,000"
2014.11.26,"1,201,000"
2014.11.25,"1,190,000"
2014.11.24,"1,220,000"
2014.11.21,"1,223,000"
2014.11.20,"1,210,000"
2014.11.19,"1,218,000"
2014.11.18,"1,220,000"
2014.11.17,"1,205,000"
2014.11.14,"1,194,000"
2014.11.13,"1,200,000"
2014.11.12,"1,230,000"
2014.11.11,"1,231,000"
2014.11.10,"1,268,000"
2014.11.07,"1,206,000"
2014.11.06,"1,204,000"
2014.11.05,"1,202,000"
2014.11.04,"1,217,000"
2014.11.03,"1,235,000"
2014.10.31,"1,244,000"
2014.10.30,"1,181,000"
2014.10.29,"1,130,000"
2014.10.28,"1,091,000"
2014.10.27,"1,095,000"
2014.10.24,"1,112,000"
2014.10.23,"1,094,000"
2014.10.22,"1,104,000"
2014.10.21,"1,083,000"
2014.10.20,"1,106,000"
2014.10.17,"1,089,000"
2014.10.16,"1,115,000"
2014.10.15,"1,125,000"
2014.10.14,"1,127,000"
2014.10.13,"1,108,000"
2014.10.10,"1,105,000"
2014.10.08,"1,130,000"
2014.10.07,"1,162,000"
2014.10.06,"1,151,000"
2014.10.02,"1,141,000"
2014.10.01,"1,156,000"
2014.09.30,"1,184,000"
2014.09.29,"1,195,000"
2014.09.26,"1,185,000"
2014.09.25,"1,156,000"
2014.09.24,"1,150,000"
2014.09.23,"1,161,000"
2014.09.22,"1,188,000"
2014.09.19,"1,210,000"
2014.09.18,"1,210,000"
2014.09.17,"1,226,000"
2014.09.16,"1,206,000"
2014.09.15,"1,200,000"
2014.09.12,"1,201,000"
2014.09.11,"1,192,000"
2014.09.05,"1,201,000"
2014.09.04,"1,210,000"
2014.09.03,"1,189,000"
2014.09.02,"1,194,000"
2014.09.01,"1,226,000"
2014.08.29,"1,234,000"
2014.08.28,"1,242,000"
2014.08.27,"1,230,000"
2014.08.26,"1,222,000"
2014.08.25,"1,228,000"
2014.08.22,"1,247,000"
2014.08.21,"1,235,000"
2014.08.20,"1,261,000"
2014.08.19,"1,254,000"
2014.08.18,"1,250,000"
2014.08.14,"1,261,000"
2014.08.13,"1,264,000"
2014.08.12,"1,266,000"
2014.08.11,"1,270,000"
2014.08.08,"1,250,000"
2014.08.07,"1,290,000"
2014.08.06,"1,300,000"
2014.08.05,"1,316,000"
2014.08.04,"1,317,000"
2014.08.01,"1,292,000"
2014.07.31,"1,343,000"
2014.07.30,"1,395,000"
2014.07.29,"1,386,000"
2014.07.28,"1,358,000"
2014.07.25,"1,355,000"
2014.07.24,"1,355,000"
2014.07.23,"1,338,000"
2014.07.22,"1,348,000"
2014.07.21,"1,353,000"
2014.07.18,"1,343,000"
2014.07.17,"1,330,000"
2014.07.16,"1,321,000"
2014.07.15,"1,320,000"
2014.07.14,"1,286,000"
2014.07.11,"1,284,000"
2014.07.10,"1,306,000"
2014.07.09,"1,308,000"
2014.07.08,"1,295,000"
2014.07.07,"1,292,000"
2014.07.04,"1,306,000"
2014.07.03,"1,318,000"
2014.07.02,"1,330,000"
2014.07.01,"1,310,000"
2014.06.30,"1,322,000"
2014.06.27,"1,311,000"
2014.06.26,"1,325,000"
2014.06.25,"1,320,000"
2014.06.24,"1,345,000"
2014.06.23,"1,322,000"
2014.06.20,"1,301,000"
2014.06.19,"1,323,000"
2014.06.18,"1,358,000"
2014.06.17,"1,374,000"
2014.06.16,"1,374,000"
2014.06.13,"1,367,000"
2014.06.12,"1,413,000"
2014.06.11,"1,422,000"
2014.06.10,"1,436,000"
2014.06.09,"1,409,000"
2014.06.05,"1,457,000"
2014.06.03,"1,470,000"
2014.06.02,"1,455,000"
2014.05.30,"1,443,000"
2014.05.29,"1,460,000"
2014.05.28,"1,433,000"
2014.05.27,"1,407,000"
2014.05.26,"1,422,000"
2014.05.23,"1,428,000"
2014.05.22,"1,426,000"
2014.05.21,"1,441,000"
2014.05.20,"1,451,000"
2014.05.19,"1,448,000"
2014.05.16,"1,428,000"
2014.05.15,"1,410,000"
2014.05.14,"1,415,000"
2014.05.13,"1,400,000"
2014.05.12,"1,388,000"
2014.05.09,"1,335,000"
2014.05.08,"1,350,000"
2014.05.07,"1,344,000"
2014.05.02,"1,346,000"
2014.04.30,"1,343,000"
2014.04.29,"1,360,000"
2014.04.28,"1,388,000"
2014.04.25,"1,399,000"
2014.04.24,"1,407,000"
2014.04.23,"1,389,000"
2014.04.22,"1,375,000"
2014.04.21,"1,380,000"
2014.04.18,"1,378,000"
2014.04.17,"1,370,000"
2014.04.16,"1,380,000"
2014.04.15,"1,370,000"
2014.04.14,"1,370,000"
2014.04.11,"1,365,000"
2014.04.10,"1,380,000"
2014.04.09,"1,371,000"
2014.04.08,"1,394,000"
2014.04.07,"1,397,000"
2014.04.04,"1,380,000"
2014.04.03,"1,390,000"
2014.04.02,"1,357,000"
2014.04.01,"1,339,000"
2014.03.31,"1,343,000"
2014.03.28,"1,335,000"
2014.03.27,"1,333,000"
2014.03.26,"1,285,000"
2014.03.25,"1,247,000"
2014.03.24,"1,273,000"
2014.03.21,"1,273,000"
2014.03.20,"1,262,000"
2014.03.19,"1,269,000"
2014.03.18,"1,278,000"
2014.03.17,"1,266,000"
2014.03.14,"1,275,000"
2014.03.13,"1,290,000"
2014.03.12,"1,294,000"
2014.03.11,"1,322,000"
2014.03.10,"1,320,000"
2014.03.07,"1,339,000"
2014.03.06,"1,326,000"
2014.03.05,"1,330,000"
2014.03.04,"1,315,000"
2014.03.03,"1,325,000"
2014.02.28,"1,349,000"
2014.02.27,"1,341,000"
2014.02.26,"1,342,000"
2014.02.25,"1,334,000"
2014.02.24,"1,328,000"
2014.02.21,"1,330,000"
2014.02.20,"1,286,000"
2014.02.19,"1,290,000"
2014.02.18,"1,295,000"
2014.02.17,"1,285,000"
2014.02.14,"1,301,000"
2014.02.13,"1,298,000"
2014.02.12,"1,307,000"
2014.02.11,"1,311,000"
2014.02.10,"1,277,000"
2014.02.07,"1,275,000"
2014.02.06,"1,259,000"
2014.02.05,"1,237,000"
2014.02.04,"1,249,000"
2014.02.03,"1,272,000"
2014.01.29,"1,280,000"
2014.01.28,"1,283,000"
2014.01.27,"1,292,000"
2014.01.24,"1,307,000"
2014.01.23,"1,299,000"
2014.01.22,"1,328,000"
2014.01.21,"1,324,000"
2014.01.20,"1,316,000"
2014.01.17,"1,292,000"
2014.01.16,"1,301,000"
2014.01.15,"1,299,000"
2014.01.14,"1,313,000"
2014.01.13,"1,295,000"
2014.01.10,"1,272,000"
2014.01.09,"1,275,000"
2014.01.08,"1,291,000"
2014.01.07,"1,304,000"
2014.01.06,"1,307,000"
2014.01.03,"1,296,000"
2014.01.02,"1,309,000"
2013.12.30,"1,372,000"
2013.12.27,"1,396,000"
2013.12.26,"1,408,000"
2013.12.24,"1,415,000"
2013.12.23,"1,433,000"
2013.12.20,"1,427,000"
2013.12.19,"1,427,000"
2013.12.18,"1,401,000"
2013.12.17,"1,395,000"
2013.12.16,"1,400,000"
2013.12.13,"1,390,000"
2013.12.12,"1,410,000"
2013.12.11,"1,420,000"
2013.12.10,"1,440,000"
2013.12.09,"1,454,000"
2013.12.06,"1,428,000"
2013.12.05,"1,440,000"
2013.12.04,"1,432,000"
2013.12.03,"1,461,000"
2013.12.02,"1,467,000"
2013.11.29,"1,494,000"
2013.11.28,"1,494,000"
2013.11.27,"1,470,000"
2013.11.26,"1,479,000"
2013.11.25,"1,465,000"
2013.11.22,"1,450,000"
2013.11.21,"1,440,000"
2013.11.20,"1,470,000"
2013.11.19,"1,489,000"
2013.11.18,"1,474,000"
2013.11.15,"1,462,000"
2013.11.14,"1,424,000"
2013.11.13,"1,419,000"
2013.11.12,"1,456,000"
2013.11.11,"1,428,000"
2013.11.08,"1,410,000"
2013.11.07,"1,437,000"
2013.11.06,"1,451,000"
2013.11.05,"1,485,000"
2013.11.04,"1,499,000"
2013.11.01,"1,500,000"
2013.10.31,"1,465,000"
2013.10.30,"1,500,000"
2013.10.29,"1,490,000"
2013.10.28,"1,482,000"
2013.10.25,"1,449,000"
2013.10.24,"1,449,000"
2013.10.23,"1,442,000"
2013.10.22,"1,455,000"
2013.10.21,"1,464,000"
2013.10.18,"1,472,000"
2013.10.17,"1,463,000"
2013.10.16,"1,450,000"
2013.10.15,"1,457,000"
2013.10.14,"1,438,000"
2013.10.11,"1,443,000"
2013.10.10,"1,430,000"
2013.10.08,"1,430,000"
2013.10.07,"1,436,000"
2013.10.04,"1,418,000"
2013.10.02,"1,418,000"
2013.10.01,"1,382,000"
2013.09.30,"1,367,000"
2013.09.27,"1,366,000"
2013.09.26,"1,372,000"
2013.09.25,"1,364,000"
2013.09.24,"1,373,000"
2013.09.23,"1,360,000"
2013.09.17,"1,386,000"
2013.09.16,"1,425,000"
2013.09.13,"1,406,000"
2013.09.12,"1,410,000"
2013.09.11,"1,402,000"
2013.09.10,"1,396,000"
2013.09.09,"1,373,000"
2013.09.06,"1,369,000"
2013.09.05,"1,365,000"
2013.09.04,"1,340,000"
2013.09.03,"1,337,000"
2013.09.02,"1,351,000"
2013.08.30,"1,368,000"
2013.08.29,"1,344,000"
2013.08.28,"1,309,000"
2013.08.27,"1,304,000"
2013.08.26,"1,300,000"
2013.08.23,"1,295,000"
2013.08.22,"1,255,000"
2013.08.21,"1,256,000"
2013.08.20,"1,269,000"
2013.08.19,"1,286,000"
2013.08.16,"1,295,000"
2013.08.14,"1,300,000"
2013.08.13,"1,290,000"
2013.08.12,"1,232,000"
2013.08.09,"1,230,000"
2013.08.08,"1,217,000"
2013.08.07,"1,222,000"
2013.08.06,"1,254,000"
2013.08.05,"1,274,000"
2013.08.02,"1,286,000"
2013.08.01,"1,280,000"
2013.07.31,"1,280,000"
2013.07.30,"1,290,000"
2013.07.29,"1,283,000"
2013.07.26,"1,303,000"
2013.07.25,"1,315,000"
2013.07.24,"1,315,000"
2013.07.23,"1,307,000"
2013.07.22,"1,273,000"
2013.07.19,"1,273,000"
2013.07.18,"1,292,000"
2013.07.17,"1,320,000"
2013.07.16,"1,298,000"
2013.07.15,"1,313,000"
2013.07.12,"1,312,000"
2013.07.11,"1,312,000"
2013.07.10,"1,248,000"
2013.07.09,"1,237,000"
2013.07.08,"1,226,000"
2013.07.05,"1,267,000"
2013.07.04,"1,317,000"
2013.07.03,"1,301,000"
2013.07.02,"1,335,000"
2013.07.01,"1,326,000"
2013.06.28,"1,342,000"
2013.06.27,"1,339,000"
2013.06.26,"1,261,000"
2013.06.25,"1,297,000"
2013.06.24,"1,313,000"
2013.06.21,"1,325,000"
2013.06.20,"1,329,000"
2013.06.19,"1,369,000"
2013.06.18,"1,387,000"
2013.06.17,"1,366,000"
2013.06.14,"1,369,000"
2013.06.13,"1,357,000"
2013.06.12,"1,385,000"
2013.06.11,"1,389,000"
2013.06.10,"1,425,000"
2013.06.07,"1,427,000"
2013.06.05,"1,521,000"
2013.06.04,"1,540,000"
2013.06.03,"1,532,000"
2013.05.31,"1,538,000"
2013.05.30,"1,544,000"
2013.05.29,"1,512,000"
2013.05.28,"1,484,000"
2013.05.27,"1,489,000"
2013.05.24,"1,486,000"
2013.05.23,"1,484,000"
2013.05.22,"1,509,000"
2013.05.21,"1,492,000"
2013.05.20,"1,497,000"
2013.05.16,"1,508,000"
2013.05.15,"1,500,000"
2013.05.14,"1,500,000"
2013.05.13,"1,477,000"
2013.05.10,"1,476,000"
2013.05.09,"1,515,000"
2013.05.08,"1,488,000"
2013.05.07,"1,493,000"
2013.05.06,"1,514,000"
2013.05.03,"1,535,000"
2013.05.02,"1,528,000"
2013.04.30,"1,520,000"
2013.04.29,"1,481,000"
2013.04.26,"1,486,000"
2013.04.25,"1,494,000"
2013.04.24,"1,486,000"
2013.04.23,"1,483,000"
2013.04.22,"1,503,000"
2013.04.19,"1,475,000"
2013.04.18,"1,483,000"
2013.04.17,"1,518,000"
2013.04.16,"1,528,000"
2013.04.15,"1,523,000"
2013.04.12,"1,517,000"
2013.04.11,"1,540,000"
2013.04.10,"1,521,000"
2013.04.09,"1,528,000"
2013.04.08,"1,520,000"
2013.04.05,"1,505,000"
2013.04.04,"1,506,000"
2013.04.03,"1,521,000"
2013.04.02,"1,525,000"
2013.04.01,"1,512,000"
2013.03.29,"1,527,000"
2013.03.28,"1,510,000"
2013.03.27,"1,504,000"
2013.03.26,"1,509,000"
2013.03.25,"1,495,000"
2013.03.22,"1,455,000"
2013.03.21,"1,457,000"
2013.03.20,"1,460,000"
2013.03.19,"1,475,000"
2013.03.18,"1,445,000"
2013.03.15,"1,480,000"
2013.03.14,"1,520,000"
2013.03.13,"1,527,000"
2013.03.12,"1,494,000"
2013.03.11,"1,508,000"
2013.03.08,"1,499,000"
2013.03.07,"1,520,000"
2013.03.06,"1,560,000"
2013.03.05,"1,550,000"
2013.03.04,"1,539,000"
2013.02.28,"1,544,000"
2013.02.27,"1,527,000"
2013.02.26,"1,527,000"
2013.02.25,"1,530,000"
2013.02.22,"1,530,000"
2013.02.21,"1,550,000"
2013.02.20,"1,545,000"
2013.02.19,"1,492,000"
2013.02.18,"1,490,000"
2013.02.15,"1,498,000"
2013.02.14,"1,490,000"
2013.02.13,"1,487,000"
2013.02.12,"1,468,000"
2013.02.08,"1,462,000"
2013.02.07,"1,420,000"
2013.02.06,"1,427,000"
2013.02.05,"1,435,000"
2013.02.04,"1,437,000"
2013.02.01,"1,441,000"
2013.01.31,"1,448,000"
2013.01.30,"1,440,000"
2013.01.29,"1,409,000"
2013.01.28,"1,372,000"
2013.01.25,"1,417,000"
2013.01.24,"1,453,000"
2013.01.23,"1,473,000"
2013.01.22,"1,480,000"
2013.01.21,"1,454,000"
2013.01.18,"1,480,000"
2013.01.17,"1,469,000"
2013.01.16,"1,492,000"
2013.01.15,"1,512,000"
2013.01.14,"1,552,000"
2013.01.11,"1,533,000"
2013.01.10,"1,530,000"
2013.01.09,"1,500,000"
2013.01.08,"1,500,000"
2013.01.07,"1,520,000"
2013.01.04,"1,525,000"
2013.01.03,"1,543,000"
2013.01.02,"1,576,000"
2012.12.28,"1,522,000"
2012.12.27,"1,496,000"
2012.12.26,"1,470,000"
2012.12.24,"1,474,000"
2012.12.21,"1,442,000"
2012.12.20,"1,503,000"
2012.12.18,"1,515,000"
2012.12.17,"1,503,000"
2012.12.14,"1,515,000"
2012.12.13,"1,533,000"
2012.12.12,"1,490,000"
2012.12.11,"1,476,000"
2012.12.10,"1,491,000"
2012.12.07,"1,480,000"
2012.12.06,"1,454,000"
2012.12.05,"1,455,000"
2012.12.04,"1,430,000"
2012.12.03,"1,430,000"
2012.11.30,"1,406,000"
2012.11.29,"1,414,000"
2012.11.28,"1,413,000"
2012.11.27,"1,416,000"
2012.11.26,"1,404,000"
2012.11.23,"1,437,000"
2012.11.22,"1,417,000"
2012.11.21,"1,384,000"
2012.11.20,"1,364,000"
2012.11.19,"1,332,000"
2012.11.16,"1,307,000"
2012.11.15,"1,331,000"
2012.11.14,"1,355,000"
2012.11.13,"1,349,000"
2012.11.12,"1,345,000"
2012.11.09,"1,341,000"
2012.11.08,"1,350,000"
2012.11.07,"1,362,000"
2012.11.06,"1,349,000"
2012.11.05,"1,341,000"
2012.11.02,"1,327,000"
2012.11.01,"1,297,000"
2012.10.31,"1,310,000"
2012.10.30,"1,298,000"
2012.10.29,"1,299,000"
2012.10.26,"1,287,000"
2012.10.25,"1,322,000"
2012.10.24,"1,300,000"
2012.10.23,"1,313,000"
2012.10.22,"1,315,000"
2012.10.19,"1,302,000"
2012.10.18,"1,337,000"
2012.10.17,"1,336,000"
2012.10.16,"1,330,000"
2012.10.15,"1,300,000"
2012.10.12,"1,296,000"
2012.10.11,"1,304,000"
2012.10.10,"1,325,000"
2012.10.09,"1,372,000"
2012.10.08,"1,373,000"
2012.10.05,"1,370,000"
2012.10.04,"1,367,000"
2012.10.02,"1,369,000"
2012.09.28,"1,346,000"
2012.09.27,"1,338,000"
2012.09.26,"1,325,000"
2012.09.25,"1,327,000"
2012.09.24,"1,327,000"
2012.09.21,"1,302,000"
2012.09.20,"1,287,000"
2012.09.19,"1,314,000"
2012.09.18,"1,315,000"
2012.09.17,"1,315,000"
2012.09.14,"1,336,000"
2012.09.13,"1,301,000"
2012.09.12,"1,294,000"
2012.09.11,"1,256,000"
2012.09.10,"1,250,000"
2012.09.07,"1,250,000"
2012.09.06,"1,196,000"
2012.09.05,"1,189,000"
2012.09.04,"1,218,000"
2012.09.03,"1,218,000"
2012.08.31,"1,233,000"
2012.08.30,"1,215,000"
2012.08.29,"1,230,000"
2012.08.28,"1,195,000"
2012.08.27,"1,180,000"
2012.08.24,"1,275,000"
2012.08.23,"1,287,000"
2012.08.22,"1,264,000"
2012.08.21,"1,282,000"
2012.08.20,"1,283,000"
2012.08.17,"1,295,000"
2012.08.16,"1,345,000"
2012.08.14,"1,345,000"
2012.08.13,"1,325,000"
2012.08.10,"1,348,000"
2012.08.09,"1,340,000"
2012.08.08,"1,320,000"
2012.08.07,"1,294,000"
2012.08.06,"1,298,000"
2012.08.03,"1,243,000"
2012.08.02,"1,263,000"
2012.08.01,"1,300,000"
2012.07.31,"1,309,000"
2012.07.30,"1,275,000"
2012.07.27,"1,233,000"
2012.07.26,"1,172,000"
2012.07.25,"1,158,000"
2012.07.24,"1,170,000"
2012.07.23,"1,162,000"
2012.07.20,"1,191,000"
2012.07.19,"1,195,000"
2012.07.18,"1,154,000"
2012.07.17,"1,168,000"
2012.07.16,"1,152,000"
2012.07.13,"1,139,000"
2012.07.12,"1,091,000"
2012.07.11,"1,118,000"
2012.07.10,"1,127,000"
2012.07.09,"1,126,000"
2012.07.06,"1,161,000"
2012.07.05,"1,185,000"
2012.07.04,"1,191,000"
2012.07.03,"1,175,000"
2012.07.02,"1,174,000"
2012.06.29,"1,201,000"
2012.06.28,"1,168,000"
2012.06.27,"1,167,000"
2012.06.26,"1,139,000"
2012.06.25,"1,132,000"
2012.06.22,"1,182,000"
2012.06.21,"1,227,000"
2012.06.20,"1,252,000"
2012.06.19,"1,244,000"
2012.06.18,"1,243,000"
2012.06.15,"1,217,000"
2012.06.14,"1,261,000"
2012.06.13,"1,271,000"
2012.06.12,"1,255,000"
2012.06.11,"1,268,000"
2012.06.08,"1,247,000"
2012.06.07,"1,265,000"
2012.06.05,"1,203,000"
2012.06.04,"1,196,000"
2012.06.01,"1,233,000"
2012.05.31,"1,211,000"
2012.05.30,"1,226,000"
2012.05.29,"1,238,000"
2012.05.25,"1,225,000"
2012.05.24,"1,225,000"
2012.05.23,"1,221,000"
2012.05.22,"1,240,000"
2012.05.21,"1,209,000"
2012.05.18,"1,166,000"
2012.05.17,"1,223,000"
2012.05.16,"1,230,000"
2012.05.15,"1,311,000"
2012.05.14,"1,314,000"
2012.05.11,"1,303,000"
2012.05.10,"1,327,000"
2012.05.09,"1,331,000"
2012.05.08,"1,341,000"
2012.05.07,"1,342,000"
2012.05.04,"1,360,000"
2012.05.03,"1,401,000"
2012.05.02,"1,410,000"
2012.04.30,"1,390,000"
2012.04.27,"1,374,000"
2012.04.26,"1,340,000"
2012.04.25,"1,305,000"
2012.04.24,"1,283,000"
2012.04.23,"1,279,000"
2012.04.20,"1,282,000"
2012.04.19,"1,307,000"
2012.04.18,"1,293,000"
2012.04.17,"1,249,000"
2012.04.16,"1,259,000"
2012.04.13,"1,268,000"
2012.04.12,"1,273,000"
2012.04.10,"1,311,000"
2012.04.09,"1,317,000"
2012.04.06,"1,332,000"
2012.04.05,"1,330,000"
2012.04.04,"1,320,000"
2012.04.03,"1,335,000"
2012.04.02,"1,299,000"
2012.03.30,"1,275,000"
2012.03.29,"1,280,000"
2012.03.28,"1,302,000"
2012.03.27,"1,311,000"
2012.03.26,"1,275,000"
2012.03.23,"1,261,000"
2012.03.22,"1,258,000"
2012.03.21,"1,242,000"
2012.03.20,"1,267,000"
2012.03.19,"1,260,000"
2012.03.16,"1,238,000"
2012.03.15,"1,250,000"
2012.03.14,"1,250,000"
2012.03.13,"1,221,000"
2012.03.12,"1,210,000"
2012.03.09,"1,230,000"
2012.03.08,"1,180,000"
2012.03.07,"1,172,000"
2012.03.06,"1,180,000"
2012.03.05,"1,174,000"
2012.03.02,"1,182,000"
2012.02.29,"1,206,000"
2012.02.28,"1,185,000"
2012.02.27,"1,171,000"
2012.02.24,"1,180,000"
2012.02.23,"1,160,000"
2012.02.22,"1,197,000"
2012.02.21,"1,180,000"
2012.02.20,"1,175,000"
2012.02.17,"1,176,000"
2012.02.16,"1,135,000"
2012.02.15,"1,135,000"
2012.02.14,"1,080,000"
2012.02.13,"1,083,000"
2012.02.10,"1,062,000"
2012.02.09,"1,084,000"
2012.02.08,"1,092,000"
2012.02.07,"1,093,000"
2012.02.06,"1,074,000"
2012.02.03,"1,066,000"
2012.02.02,"1,080,000"
2012.02.01,"1,079,000"
2012.01.31,"1,107,000"
2012.01.30,"1,115,000"
2012.01.27,"1,125,000"
2012.01.26,"1,113,000"
2012.01.25,"1,114,000"
2012.01.20,"1,105,000"
2012.01.19,"1,072,000"
2012.01.18,"1,030,000"
2012.01.17,"1,036,000"
2012.01.16,"1,030,000"
